task1, task2, shortMax, shortMean, shortSD, longMax, longMean, longSD, qComputed, infFactor, inflatedQ, medMax, medMean, medSD, costRatio, score
adpcm_dec,adpcm_dec,193719,164313.477,4741.878196485154,208404,164556.8194318057,5085.815477988245,0.9988720728746087,1,0.9988720728746087,194835,164437.168,4996.211553139988,1.0,0.0967166329867776,
adpcm_dec,adpcm_enc,193555,164580.362,4866.4924534777365,207762,164513.8312816872,4888.958443279493,0.9990762659418183,1,0.9990762659418183,194220,164469.6564,4770.926774459438,1.0074515563772053,0.09394972184258729,
adpcm_dec,ammunition,47929629,47861664.215,24612.581241758395,69020218,47858801.23868761,71887.91592458122,0.9990514986618904,1,0.9990514986618904,47939415,47859436.0424,24658.749121687026,265.4188108278498,4.429798539850157,
adpcm_dec,cjpeg_transupp,906734,875650.763,8672.633078791605,1145296,875634.054499455,8661.297912359889,0.9988162174317086,1,0.9988162174317086,907387,875613.1492,8632.131817275713,4.991821134458748,0.11581566311855133,
adpcm_dec,cjpeg_wrbmp,178866,152006.91,3720.0560373226667,187345,151881.64550354498,3489.5237731947045,0.9989050878675363,1,0.9989050878675363,179780,151894.4896,3566.326006966697,3.2790010889828163,0.039258753391535464,
adpcm_dec,dijkstra,16775263,16732649.647,7567.364526985288,23509089,16732516.517234828,24684.621730313094,0.9989209607807963,1,0.9989209607807963,16775813,16732466.222,7556.5248576237445,94.17182372377613,0.2584026163363411,
adpcm_dec,epic,769400,735517.209,8459.031666571243,1089604,735555.8424815752,8485.868872989242,0.9989967543077672,1,0.9989967543077672,769400,735589.8212,8497.227081752146,4.057443443116638,0.27347131768109745,
adpcm_dec,fmref,199958,167695.646,14622.601816454095,203186,160640.44536554636,3404.782800878427,0.9971933794464947,1,0.9971933794464947,199958,163401.658,10124.89247682675,1.0520227634771155,0.0735309845597879,
adpcm_dec,gsm_dec,562267,532586.353,6079.737327414841,689590,532597.2410875892,6067.219245987917,0.9990251454542454,1,0.9990251454542454,566576,532678.8572,5884.838198035269,2.814531699436542,0.3746967402745802,
adpcm_dec,gsm_enc,1445445,1412266.042,9890.398897546478,2065924,1412121.508104919,10140.08419630709,0.9990095591008817,1,0.9990095591008817,1446916,1412292.1096,9865.247265093178,7.758973954844556,0.3856450496192015,
adpcm_dec,huff_enc,319233,289673.535,3810.902454050653,323616,288999.13410865894,2046.179144167169,0.9961253731368304,1,0.9961253731368304,319233,289442.8272,3310.003373755663,1.5433401068374866,0.2536067502378232,
adpcm_dec,mpeg2,136912304,136784011.63,42660.42214266627,179184443,136784551.93489066,141018.99433874767,0.9988858724962109,1,0.9988858724962109,136912304,136785552.5208,42822.533948984055,770.8491328601262,-0.17650701085824613,
adpcm_dec,ndes,181483,150733.944,3918.185729170106,194292,150754.9990200098,3546.9116683164016,0.999045815442796,1,0.999045815442796,194292,150725.5976,3716.797771354193,4.3257201295380945,0.4051474348048406,
adpcm_dec,petrinet,179767,148856.168,3693.5100829033227,187435,148702.25213747862,3147.12594095725,0.998984640510864,1,0.998984640510864,179767,148740.8256,3437.9599381317867,138.6830601092896,1.650273224043716,
adpcm_dec,rijndael_dec,978123,930900.85,10351.157936101552,1497482,932326.0420295798,12123.231670580393,0.9985109325581727,1,0.9985109325581727,985678,931310,10959.134004585043,5.264611349090643,0.28372163712405646,
adpcm_dec,rijndael_enc,925418,893750.375,8979.685099091941,1419127,893762.949600504,9115.255196901504,0.9989291134452015,1,0.9989291134452015,926559,893731.2948,8896.058214726165,5.048735456198319,0.16681958649727277,
adpcm_dec,statemate,174584,149528.286,3666.8795797048006,195866,149470.76023239768,3466.276107652263,0.9989496435375744,1,0.9989496435375744,178362,149458.0628,3586.353176040737,5.527817536872239,0.022061111456842367,
adpcm_dec,susan,11113552,11030206.131,20295.614969910268,16427220,11028061.331426686,25948.81042630134,0.9910535466013306,1.25,0.9930736561638241,11121058,11031072.9332,21329.210129722123,61.96539321035952,0.6344953364142457,
adpcm_enc,adpcm_enc,193916,164502.799,5194.227073539478,202906,164555.47430525694,5240.155869264031,0.9989746530348557,1,0.9989746530348557,193916,164422.426,5069.310627118612,1.0,0.09967732605946501,
adpcm_enc,ammunition,47930497,47867906.074,24414.895676480322,68910493,47866599.83638164,71432.31494725205,0.9990649449572615,1,0.9990649449572615,47935044,47866229.5728,24730.521045501104,267.3965940603043,4.438019950209539,
adpcm_enc,cjpeg_transupp,914419,881983.403,8815.586583966515,1141077,881913.6709432906,8589.755807773618,0.9988603297773246,1,0.9988603297773246,915980,882053.0628,8778.287905957523,5.029017971067092,0.16540867306721713,
adpcm_enc,cjpeg_wrbmp,177262,153509.348,2690.5927462591253,197273,153698.975700243,3311.5633492580987,0.9989168586410316,1,0.9989168586410316,180058,153669.8228,3210.1461385258517,3.2547481496520794,0.0686428320936156,
adpcm_enc,dijkstra,16764092,16732941.217,7156.782100353687,23740158,16732961.226717733,23587.978804785682,0.9989157715921755,1,0.9989157715921755,16769702,16732597.4212,7162.357775659715,94.87355037739808,0.22567327704024634,
adpcm_enc,epic,773917,736035.098,8534.912358739683,1794893,736248.3753262467,9362.668339913509,0.9989563027976552,1,0.9989563027976552,773917,736270.9076,8652.268444631005,4.087677711680343,0.3011245385308979,
adpcm_enc,fmref,220161,168758.395,14421.691706823498,220161,162097.40859591405,3463.767138603245,0.9972701672969129,1,0.9972701672969129,220161,164675.01,9996.082675360436,1.0598619704092684,0.18864800186005365,
adpcm_enc,gsm_dec,566256,532898.524,6565.324289664027,712587,532793.7397726022,6309.098259996513,0.9988864392524952,1,0.9988864392524952,566455,532883.5036,6246.007547073433,2.8355043410703247,0.3768026358321188,
adpcm_enc,gsm_enc,1448597,1412066.303,10206.558128773237,2091225,1411725.5525144748,10128.353262585419,0.9989343267747512,1,0.9989343267747512,1449715,1411925.196,10120.437854486861,7.816790386698348,0.4043915412926239,
adpcm_enc,huff_enc,314599,291598.667,2118.7317438300947,321825,291405.6782232178,1332.4103738858637,0.9981671713873461,1,0.9981671713873461,314599,291466.4164,1617.386152716116,1.554840392652788,0.22921758658039346,
adpcm_enc,mpeg2,136949961,136809714.891,43905.69201698807,179237536,136801963.16287836,141199.4721368821,0.9988928515478434,1,0.9988928515478434,136971607,136805803.3348,44532.790593174315,776.5931586319532,0.1584788390543215,
adpcm_enc,ndes,182050,152695.924,3999.591760226595,197726,152584.0154198458,3730.699057967853,0.9989535168940591,1,0.9989535168940591,197162,152621.1304,3808.794617824929,4.293725194185395,0.5070247632033894,
adpcm_enc,petrinet,175564,150980.215,3248.7647759332076,200322,150952.53731462685,3431.247774872882,0.9991060716053176,1,0.9991060716053176,182026,151052.9264,3449.7184284920113,137.65729898516784,4.439500390320062,
adpcm_enc,rijndael_dec,986615,933711.307,12955.094273465762,1466101,932876.3648863512,12432.13852632308,0.9983533694627398,1,0.9983533694627398,986615,933416.07,12761.849950613147,5.303840897362466,0.29114943376110786,
adpcm_enc,rijndael_enc,928513,895540.451,8935.27932916981,1397164,895652.6171038289,9230.445740967716,0.9988770855011221,1,0.9988770855011221,930261,895609.0248,9033.449364221362,5.0863563930837765,0.1890563063190786,
adpcm_enc,statemate,175718,151488.615,3554.490295391877,194414,151569.0105898941,3466.104599941821,0.9990413733098656,1,0.9990413733098656,176233,151358.4272,3317.482693439209,5.486931358516398,-0.003298276183956687,
adpcm_enc,susan,12131908,10964051.394,39298.88077662084,16372660,10962356.804651953,22867.73056999817,0.9927243114009401,1,0.9927243114009401,12131908,10962762.7968,26113.932781364696,62.427131831302205,6.371647792036929,
ammunition,ammunition,71321397,71241959.445,21346.897997908458,71585550,71241256.48336516,21731.371203112467,0.9990196781904062,1,0.9990196781904062,71321397,71241376.7584,21626.761953271296,1.0,0.5125703971933758,
ammunition,cjpeg_transupp,48331241,48237054.151,25238.02192214639,68970801,48236174.270077296,70487.58529134019,0.9987951311888988,1,0.9987951311888988,48331241,48237744.9368,24764.770045994333,53.17073742800052,1.329247912748136,
ammunition,cjpeg_wrbmp,47887265,47822799.407,24106.51593444911,69251396,47823380.964370355,73171.75443557426,0.9989949106074539,1,0.9989949106074539,47890719,47822271.1332,23950.041686589473,870.3085697410436,13.626515808708172,
ammunition,dijkstra,56351947,55378204.913,38986.830950630036,69441600,55375204.372346275,50050.627841911504,0.9990080993322449,1,0.9990080993322449,56351947,55375410.2268,30305.925014553784,2.8184524875123333,0.5498834512349651,
ammunition,epic,48229136,48170998.138,23081.028820621803,68911771,48170092.45294547,70776.24017904433,0.9989599414113838,1,0.9989599414113838,48238969,48170764.7624,24057.330400365357,65.4152829358908,1.5073465248461122,
ammunition,fmref,47940341,47857578.858,25615.833327199856,68892767,47855267.77403226,71270.44720835354,0.9990461045278942,1,0.9990461045278942,47940341,47856031.72,24723.80279062612,252.29379063110304,4.215698654324621,
ammunition,gsm_dec,48126894,48059591.774,24158.57214698553,68933275,48059998.040629596,71655.48555824668,0.9990038907299739,1,0.9990038907299739,48133680,48059540.236,24328.488837425746,94.3030099398012,1.96242475150497,
ammunition,gsm_enc,48613068,48537005.122,21902.652161252365,68938526,48535945.24667753,70071.10474172924,0.9990094310226482,1,0.9990094310226482,48613068,48533984.1948,23580.656572559852,34.20797806160018,1.059645024502958,
ammunition,huff_enc,47989939,47925380.23,22739.95682822748,68869235,47924637.27865721,71284.64517278619,0.9990079526685264,1,0.9990079526685264,48002708,47927100.0176,23485.713556820014,171.97687642014887,3.1011127766896807,
ammunition,mpeg2,157325474,156673702.199,44876.900531952444,183254482,156662678.0282297,94481.92473141194,0.9989910342207272,1,0.9989910342207272,157325474,156664763.2924,42469.655023327214,2.9042746836813222,0.43225354916885755,
ammunition,ndes,47890537,47821793.675,23546.633576589356,68857491,47820949.04467955,72233.31918457412,0.9989910222007667,1,0.9989910222007667,47896067,47821742.0308,23916.66333542142,1148.1274927560935,18.10657673671139,
ammunition,petrinet,47869855,47806314.92,24663.11147891566,68801726,47806498.88777112,71086.5897851963,0.9989280495271935,1,0.9989280495271935,47877854,47805605.3528,24548.358356622022,36809.092896174865,566.2810304449649,
ammunition,rijndael_dec,48559562,48261140.54,24770.111033926212,68752522,48258992.209047906,69154.78680136341,0.9986952099651032,1,0.9986952099651032,48559562,48261630.0908,23107.470830158414,50.41565145615082,1.5044938702455108,
ammunition,rijndael_enc,48315883,48238416.219,25170.256306751955,68706994,48236752.61452386,69673.84234008302,0.9987356817778374,1,0.9987356817778374,48315883,48238247.0368,24378.861986765372,52.57134447438632,1.2971403342315895,
ammunition,statemate,47879265,47813497.534,24085.90794515304,68819332,47811788.25846741,71716.86374480318,0.9989497264652004,1,0.9989497264652004,47879265,47811589.6248,24005.245026492394,1467.1867571099633,22.615501898064597,
ammunition,susan,53364837,53292613.593,24167.276618156407,69280093,53292655.51150489,56250.0026766082,0.9989326464044882,1,0.9989326464044882,53486147,53294051.9532,24203.06029545181,4.283339410544989,0.5753546993197338,
cjpeg_transupp,cjpeg_transupp,1372126,1346200.808,7240.51791329797,1375482,1346014.7759722404,6889.765658929269,0.9983091312610677,1,0.9983091312610677,1372126,1346007.134,6944.272369913425,1.0,0.5472569157837287,
cjpeg_transupp,cjpeg_wrbmp,1040192,1021074.64,7013.125311944814,1136008,1020553.0950090499,6716.328730588102,0.9990371647075945,1,0.9990371647075945,1044334,1020679.7808,6837.839014960002,16.368186935897672,2.907436460621274,
cjpeg_transupp,dijkstra,17203162,17176591.483,6696.0301740511,23552128,17175946.926380735,21606.121512305723,0.9989775943898727,1,0.9989775943898727,17203162,17176136.0724,6555.953948284495,18.865223970807794,0.5336587687130981,
cjpeg_transupp,epic,1237733,1205023.172,7080.58315283425,1252899,1204914.3299867,7212.567668239771,0.9989204808914527,1,0.9989204808914527,1239134,1204940.4852,7112.590852821271,1.2302872989954454,0.4887814799040533,
cjpeg_transupp,fmref,1051643,1033337.278,5081.018889521241,1140226,1032993.7251627484,5739.4824342917655,0.9989045308080268,1,0.9989045308080268,1053014,1033173.3052,5440.700401271469,4.744974450894888,0.8892800770486102,
cjpeg_transupp,gsm_dec,1243324,1215585.068,5803.4991656708235,1247535,1215672.398406016,5942.408096336119,0.9989546486894906,1,0.9989546486894906,1243324,1215632.9424,5857.643193554507,1.7735885282294355,0.7130097398052039,
cjpeg_transupp,gsm_enc,1897434,1878670.175,8449.467821397975,2183147,1878683.5666743333,8577.38336579035,0.9989473381293702,1,0.9989473381293702,1897434,1878619.524,8494.854037891058,1.5543373341813147,0.5852751203186245,
cjpeg_transupp,huff_enc,1109240,1095152.874,1214.0412341606204,1169657,1095066.67199328,701.5657174638138,0.9988617304562402,1,0.9988617304562402,1109240,1095081.5752,923.0972337441698,3.2344271443108332,0.811251044025983,
cjpeg_transupp,mpeg2,137247295,137110262.278,41755.34951277081,180440269,137112483.17464826,155125.12790484942,0.9988931490166114,1,0.9988931490166114,137265244,137109900.8532,42490.018236225034,154.42242662480888,0.3626281556857598,
cjpeg_transupp,ndes,1032302,1013576.304,5336.982786073311,1112025,1013729.4160758392,5335.016284361198,0.998986130480914,1,0.998986130480914,1033653,1013665.184,5340.223134082762,21.593221164381895,3.575470549562931,
cjpeg_transupp,petrinet,1030536,1010010.917,5524.966429414495,1115277,1010026.8727712723,5612.393052611576,0.999015192219973,1,0.999015192219973,1030536,1010014.1312,5557.8485581225195,692.2810304449649,112.19672131147541,
cjpeg_transupp,rijndael_dec,1438218,1404538.516,9545.725682972383,1470121,1403911.769902301,9052.632138763538,0.9988906733088001,1,0.9988906733088001,1438218,1403820.4084,9197.834576962749,1.0546474337289076,0.5671371158712332,
cjpeg_transupp,rijndael_enc,1373756,1358034.432,6601.979440888461,1419256,1357969.6180638194,6596.269361439335,0.9989492646563014,1,0.9989492646563014,1375300,1358005.3836,6634.057369251675,1.011401514638954,0.5394345137413566,
cjpeg_transupp,statemate,1028291,1010875.403,5438.175579017215,1111327,1011099.9075609244,5567.354734853432,0.9989364846101643,1,0.9989364846101643,1031847,1011066.4444,5490.969404404716,27.593876407990543,4.5128819466052645,
cjpeg_transupp,susan,11696812,11621225.603,22700.504351119296,16697235,11618466.253707463,26304.602754430674,0.996070661307306,1,0.996070661307306,11697565,11621403.9952,23133.771026149912,12.413384122001055,0.777196294141261,
cjpeg_wrbmp,cjpeg_wrbmp,72564,51818.081,2839.18080158046,81938,51760.31707682923,2696.9829952858954,0.9989644467753664,1,0.9989644467753664,72564,51759.596,2706.3641601918666,1.0,0.33933811993576846,
cjpeg_wrbmp,dijkstra,16729074,16701337.137,6699.8738461097,23440173,16702011.325556744,24411.483467849957,0.9989745341483566,1,0.9989745341483566,16747184,16701310.3792,6844.594000568653,308.78951254175973,0.3188873917938685,
cjpeg_wrbmp,epic,714622,680326.677,7746.257043298515,1074698,679973.633593664,7605.374848760254,0.9989742409219275,1,0.9989742409219275,718945,680113.1872,7568.445235678881,13.304361468465641,-0.034552132745159565,
cjpeg_wrbmp,fmref,190520,129816.96,19782.374723224966,190520,119923.30747692523,4347.351353773582,0.9969895904115675,1,0.9969895904115675,190520,123814.7744,13770.675182426481,3.4495837870761736,0.06690784252201037,
cjpeg_wrbmp,gsm_dec,520495,490328.954,5749.655791750286,682019,490256.89650103496,6129.654382582093,0.9987869896353814,1,0.9987869896353814,521969,490288.2916,6051.30150914258,9.228852507429078,0.40530463832850366,
cjpeg_wrbmp,gsm_enc,1399134,1364170.868,9152.42855776985,2058790,1363946.4464555355,9428.610215241451,0.9989637028509262,1,0.9989637028509262,1399134,1363782.308,9144.637423199276,25.44168404732461,0.3826021152106905,
cjpeg_wrbmp,huff_enc,293366,265288.784,4598.930766987425,309128,265426.4384256157,4854.337004212939,0.9987432459692231,1,0.9987432459692231,294681,265089.1244,4160.185046458024,5.060613890990974,0.3784122999686225,
cjpeg_wrbmp,mpeg2,136934407,136785122.091,42532.70052951085,179671205,136784194.9692303,142277.60125600325,0.9988148399846494,1,0.9988148399846494,136934407,136782827.4316,43036.080763214304,2527.6151460898136,-0.1708041861237749,
cjpeg_wrbmp,ndes,61492,43661.155,1730.1432416455036,79217,43615.30926690733,1663.9531580254968,0.9989673336870333,1,0.9989673336870333,63779,43627.6948,1839.8598858099833,1.3192188755509022,0.2337529523484867,
cjpeg_wrbmp,petrinet,47842,37167.284,671.2066042953165,1035980,37578.558364416356,19346.960533213376,0.9972380957193651,1,0.9972380957193651,47842,37141.1736,633.1798598794996,42.29430132708821,-4.946916471506635,
cjpeg_wrbmp,rijndael_dec,1126614,915779.233,10493.142710964321,1464170,916277.3318066819,10922.963403929962,0.9867643338293741,1.375,0.9926093075775587,1283200,917937.902,15356.22736411321,17.26266634673951,6.421787039258754,
cjpeg_wrbmp,rijndael_enc,1219757,879066.755,13319.25195382926,1690091,879087.0779792202,9815.608735453914,0.9986000915740583,1,0.9986000915740583,1242549,879074.3664,13807.372027445075,16.554809058860442,6.379335166762029,
cjpeg_wrbmp,statemate,51319,38689.909,1192.5943325208957,57934,38681.50087499125,1246.9683027654448,0.9989215109717571,1,0.9989215109717571,51539,38699.5312,1297.505507827885,1.6858236355715974,-0.08214574646835522,
cjpeg_wrbmp,susan,10931150,10911810.247,6028.480856187935,16350271,10916309.733942661,32422.37638318377,0.986515247119122,1.5,0.9924721061765821,11305463,10914442.0864,13839.639526108333,203.18459181601727,5.484135919821333,
dijkstra,dijkstra,24245042,24153231.749,35544.36648075919,24280765,24135177.3898161,50697.1965195209,0.998804517868903,1,0.998804517868903,24249721,24153917.5492,33863.22624488494,1.0,0.44948331153305277,
dijkstra,epic,23216015,22521404,147889.61032360478,23538662,22490864.16104839,193122.51454766342,0.9989064322849565,1,0.9989064322849565,23307242,22510893.3572,152476.62789670654,23.209645443989253,9.124833348825014,
dijkstra,fmref,23133305,22398866.803,188260.18357652385,23751163,22424112.290277097,200359.95272351327,0.9988288135421491,1,0.9988288135421491,23136878,22401425.5688,186509.090647369,89.51500575189277,34.281125765804326,
dijkstra,gsm_dec,23242383,22507177.485,240430.5931256597,23485385,22483785.27712723,227431.15630209167,0.9990306694846204,1,0.9990306694846204,23384626,22507961.6632,240256.78606642465,33.459144817103656,13.30917181656367,
dijkstra,gsm_enc,23306359,22559282.651,208185.0756182185,23575461,22560542.34415656,204816.95840912536,0.9991122895611378,1,0.9991122895611378,23306359,22561016.1764,204798.71540162683,12.137149096238042,4.771059304050696,
dijkstra,huff_enc,23224872,22448080.456,175952.56671827444,23442762,22429720.416495834,173839.1313216669,0.998951707738506,1,0.998951707738506,23290574,22452248.5952,177763.28903453235,61.01819249468413,23.92840808377009,
dijkstra,mpeg2,143948806,143801288.347,41528.22791521894,182909872,143804370.40203598,130785.99616534052,0.9989716352167293,1,0.9989716352167293,143948806,143801679.106,42331.2141050101,8.185560206640718,0.4187199008338779,
dijkstra,ndes,23199778,22507837.887,231646.5789418434,23613279,22517831.833481666,213792.19849764102,0.9988558093631394,1,0.9988558093631394,23248939,22504133.5892,231977.30368074554,407.36095351725146,158.73364338065207,
dijkstra,petrinet,23254072,22524777.025,210611.31347053073,23623669,22516824.66268337,217734.736389396,0.9990165621924351,1,0.9990165621924351,23254072,22523147.518,210052.13807337396,13060.03669008587,5093.024980483997,
dijkstra,rijndael_dec,23131773,22561437.031,158319.5355420938,23584187,22518838.252117477,159574.5058063864,0.9990160939190196,1,0.9990160939190196,23131773,22563620.2772,155296.2566328385,17.887706704131624,6.844909620068558,
dijkstra,rijndael_enc,22798140,22263970.518,144308.12748196488,23440084,22267097.203687962,151647.23114304882,0.9989563348172137,1,0.9989563348172137,22809603,22265037.9536,147932.11865679326,18.652556573975694,6.778392348061093,
dijkstra,statemate,32350193,30124543.258,557873.7945488386,33005531,30203461.28803712,541347.6529726785,0.9989409633080163,1,0.9989409633080163,32350193,30130165.9192,540661.5372759313,520.5646586595308,486.03789906030244,
dijkstra,susan,21873854,21833546.851,6707.781831417663,22413762,21833280.31217688,6931.226856153578,0.9989929615557229,1,0.9989929615557229,21873854,21833407.7888,6555.74186092874,1.5197486668741458,0.4672773492238338,
epic,epic,1245551,1216380.935,7191.017065144972,1279314,1216399.3722362777,7529.385620590751,0.9989445527308144,1,0.9989445527308144,1262960,1216245.4928,7332.425740397481,1.0,0.752122938276983,
epic,fmref,872074,848449.058,6754.351357821186,1057046,846461.4074859251,5763.956490630681,0.9988802547303464,1,0.9988802547303464,872074,847118.468,6161.021496093495,3.856801947617646,0.8093153909949437,
epic,gsm_dec,1061135,1032179.671,6109.600351185845,1128907,1032333.7655923441,6281.346237306339,0.9990979969191429,1,0.9990979969191429,1065528,1032237.822,6093.440941152817,1.4416051678966422,0.6894082118357633,
epic,gsm_enc,1811965,1788871.26,8252.252201235297,2070403,1788875.2759272407,8526.11405272375,0.9990261271516839,1,0.9990261271516839,1811965,1788771.9108,8119.885203100348,1.9122814805977106,0.601484149236214,
epic,huff_enc,928045,915760.002,2180.292655140144,1092163,915570.7379926201,1915.140259626288,0.998904455456006,1,0.998904455456006,929339,915601.1688,1973.2240361259687,2.629001491726208,0.7605323529519037,
epic,mpeg2,137127447,137005263.518,44576.96130321923,178777087,137000866.39448607,139140.91784681447,0.9989611654271837,1,0.9989611654271837,137128310,137001342.964,44303.089139101925,189.98395015655845,0.256166266888822,
epic,ndes,838300,817605.072,5458.321675050338,1077212,817484.0255197448,5604.362914464831,0.9990448245536231,1,0.9990448245536231,841956,817551.5636,5518.5442822499035,17.551364776351992,2.9496457181815967,
epic,petrinet,830796,811446.64,5498.493596088499,1061683,811478.157608424,5636.758781642988,0.9990866491674474,1,0.9990866491674474,840403,811475.7916,5623.380191422269,562.6986729117876,93.35362997658079,
epic,rijndael_dec,1411966,1369162.062,8767.628604788613,1453611,1368878.1271487286,8953.958539544565,0.9990451794959834,1,0.9990451794959834,1411966,1369488.032,8618.613729923522,1.2975193426348157,0.6613218056732846,
epic,rijndael_enc,1345903,1324994.164,7202.708361362609,1379910,1325141.4871651283,7412.381631377176,0.9989156890685817,1,0.9989156890685817,1359447,1325040.58,7328.278253810106,1.244314437645061,0.6416663313989542,
epic,statemate,833709,814063.063,5396.344535644326,1061363,813964.6551534485,5458.244390701983,0.9990379050967523,1,0.9990379050967523,842433,814064.576,5444.6904255941145,22.428807019727426,3.7841807206422304,
epic,susan,11522556,11319681.606,35837.685189902186,16505691,11319338.074229257,40114.97647925922,0.9989986190177593,1,0.9989986190177593,11717251,11318626.6512,36140.17383720687,15.272028822849627,0.9834854061433068,
fmref,fmref,229834,158758.34,21224.932446482788,229834,148095.34244657552,4572.321927305553,0.9965954341931313,1,0.9965954341931313,229834,152306.114,14736.05612911067,1.0,0.22974932448701144,
fmref,gsm_dec,569954,533167.802,9210.04239239243,690788,529557.2578674214,6582.08458775134,0.9987302079484736,1,0.9987302079484736,569954,530993.8428,7809.9437470586845,2.675352470638594,0.37424222156826026,
fmref,gsm_enc,1455775,1410038.978,11419.915838887924,2055730,1406742.4366556334,10398.867634052755,0.9987443065539648,1,0.9987443065539648,1455775,1407999.6768,10401.43738779572,7.375290938762407,0.4139757617913802,
fmref,huff_enc,317101,297235.488,4764.817679552427,324097,294554.9683103169,1204.6852211369383,0.996643669991215,1,0.996643669991215,317101,295708.156,3359.636272160498,1.4670215896626448,0.229658364322213,
fmref,mpeg2,136917613,136794859.012,42151.396409978726,179654588,136794447.34234658,142306.38507213473,0.9989590950647599,1,0.9989590950647599,136937354,136795503.8792,43160.332825116595,732.7304689799086,-0.03374622114021242,
fmref,ndes,202350,147228.679,20328.117503674614,202350,136936.8846411536,3572.8738997636347,0.9970382248885059,1,0.9970382248885059,202350,140980.886,13986.862121956141,4.550756044705252,0.37631790401519394,
fmref,petrinet,203838,144587.775,20427.678788767756,203838,134206.66312336878,2499.661404201177,0.9967310075285627,1,0.9967310075285627,203838,138298.7516,13922.707056065105,145.8977361436378,13.226385636221702,
fmref,rijndael_dec,990949,938820.091,14656.166657479398,1468565,933077.3648263518,10218.377438472822,0.9981701375903484,1,0.9981701375903484,990949,935104.2272,12131.381006135558,5.004275127745526,0.2978945397148131,
fmref,rijndael_enc,944032,909852.299,10459.179417128224,1418194,906997.5932240677,9039.092235405704,0.9987659794516488,1,0.9987659794516488,944032,908239.1532,9804.178021455971,4.7990743465582275,0.25206131785227,
fmref,statemate,202202,146408.058,20420.52767440492,202202,136135.21610783893,2878.873043971709,0.9970963275589616,1,0.9970963275589616,202202,140165.962,13945.99722495295,5.815389881137594,0.4762897504511793,
fmref,susan,11039762,10960254.962,14479.214404321883,16371890,10956307.342346577,26937.89153065933,0.9902729782512176,1.25,0.9925437274877588,12211681,10960472.6476,39273.61868051784,58.90119050803927,6.438604564060034,
gsm_dec,gsm_dec,800098,774137.908,6381.711425962495,810349,773906.3657863422,6294.910692153544,0.9989826850956246,1,0.9989826850956246,800888,774028.4592,6315.878250533776,1.0,0.6017439651206976,
gsm_dec,gsm_enc,1702712,1667311.59,8807.19306610248,2137479,1667402.4344756552,8669.117616611798,0.9989151112014096,1,0.9989151112014096,1702712,1667375.3364,8819.361937579693,2.756754864902702,0.6486010279794404,
gsm_dec,huff_enc,680680,677898.581,680.5541090422821,699662,678050.4203157969,693.7128983324905,0.9988252092711646,1,0.9988252092711646,680680,677882.418,678.9632058439956,1.823662643747333,0.6589490807100471,
gsm_dec,mpeg2,137089333,136964772.922,42632.27667862366,179301924,136960834.75220248,140683.05824445825,0.9989931371077497,1,0.9989931371077497,137092294,136963140.4892,41931.37818059804,273.88184436311275,0.297260054798904,
gsm_dec,ndes,661309,639579.745,4948.091919074929,685703,639587.930400696,5039.435877720431,0.9989659478563041,1,0.9989659478563041,661416,639567.598,4893.591770935151,12.174876427475711,3.93011760695415,
gsm_dec,petrinet,649970,627243.375,4860.7864385484145,686974,627203.4914350857,4935.359695107251,0.999042117335314,1,0.999042117335314,649970,627262.5912,4860.381832151079,390.327868852459,117.0647931303669,
gsm_dec,rijndael_dec,1238244,1204347.234,10984.029440692428,1517350,1203527.664593354,11703.92276773609,0.9990124114677884,1,0.9990124114677884,1238244,1204057.458,11290.564567830084,1.8705105897882042,0.6059278814423712,
gsm_dec,rijndael_enc,1175838,1151563.415,7247.1784837100395,1431772,1151462.8195918042,7310.714098666597,0.9990063327010895,1,0.9990063327010895,1182251,1151531.0464,7324.885992653346,1.7938101237975241,0.5706445871082578,
gsm_dec,statemate,658297,628836.961,4967.450167908044,676465,628805.1977980221,4943.088852858661,0.998967310354169,1,0.998967310354169,660090,628852.9548,5011.069796376681,15.558217686228142,4.981019354035721,
gsm_dec,susan,11271593,11235538.296,7670.855327004403,16474518,11236061.614113858,21064.061834797685,0.9932321413950131,1,0.9932321413950131,11271593,11235686.422,7828.153718787974,22.016235675286495,0.5264994700105998,
gsm_enc,gsm_enc,2303004,2288932.697,5824.254750660516,2307932,2289025.535104649,6052.382981181061,0.9989882842760042,1,0.9989882842760042,2304468,2288973.6936,5920.224260299261,1.0,0.6718366517823137,
gsm_enc,huff_enc,1746967,1725686.95,2219.2177926267423,2078157,1725353.6071339287,2056.260620588914,0.9988529357845379,1,0.9988529357845379,1746967,1725474.0992,1925.4209751979054,5.027390865091783,1.3442386178372523,
gsm_enc,mpeg2,137501713,137381843.943,43593.854368734974,179661269,137392998.51812482,140753.54138670818,0.9989130219504767,1,0.9989130219504767,137532371,137388099.146,44079.65040035199,99.34936466423149,0.4270950845361124,
gsm_enc,ndes,1660937,1641394.974,6566.874978580627,2036371,1641290.2120278797,6698.511325301595,0.9989288475919597,1,0.9989288475919597,1663699,1641272.876,6555.468109714133,33.563149821032894,6.946699457011371,
gsm_enc,petrinet,1658855,1632938.152,6632.042759667798,2041268,1632803.4077559225,6809.5023512965645,0.9989611178523825,1,0.9989611178523825,1658855,1632899.0312,6606.410378705164,1076.0382513661202,218.9305230288837,
gsm_enc,rijndael_dec,2028100,2007526.244,6774.463597473788,2121947,2008049.3212967871,6828.306526389053,0.9989708917973295,1,0.9989708917973295,2030464,2007647.0344,6902.597434774482,1.4737980527631476,0.6971849960546321,
gsm_enc,rijndael_enc,2005788,1987863.744,6589.543641851981,2112733,1987831.8944410556,6569.950330606556,0.998974283042293,1,0.998974283042293,2005835,1987926.2412,6551.555204290085,1.5368153119052583,0.6995360805777084,
gsm_enc,statemate,1658849,1636768.352,6757.341642404072,2035499,1636656.0532694673,6814.35259588263,0.998877766093502,1,0.998877766093502,1658849,1636824.2804,6676.456351983724,42.89019229572469,8.726243076731595,
gsm_enc,susan,11895033,11816931.458,6402.0685066156075,16608309,11816678.808681913,28868.254477903873,0.9989789460798738,1,0.9989789460798738,11895033,11816297.23,6261.539697043456,7.986287049161894,0.6432761053536515,
huff_enc,huff_enc,380184,364968.282,1331.1932594367995,382896,364732.39459605404,1069.1185524030518,0.9988545781757665,1,0.9988545781757665,380184,364858.39,1171.9960750019293,1.0,0.38662698456118083,
huff_enc,mpeg2,136965924,136832450.112,44680.93581626142,179230840,136837326.69868302,141064.1851880454,0.9988803584656348,1,0.9988803584656348,136965924,136835322.7504,44594.99052296342,499.46808836562974,0.08119877889991575,
huff_enc,ndes,312076,290896.416,3749.2203240116446,334468,291017.90338096616,3728.642837731266,0.9989417550092738,1,0.9989417550092738,314243,290948.9716,3689.6804866045964,6.676057366870388,0.9755289878010178,
huff_enc,petrinet,303538,285864.668,3276.9292404662974,322494,285864.32268677314,3306.581990294843,0.9990946597134972,1,0.9990946597134972,310105,285746.0152,3329.0390655877027,214.03512880562062,28.04527712724434,
huff_enc,rijndael_dec,1074618,1022809.086,13531.227837391232,1479693,1021832.6661133389,13281.427266568477,0.9989396238399916,1,0.9989396238399916,1074618,1022182.9792,13344.50325654848,3.4111802873305397,0.5082227304060486,
huff_enc,rijndael_enc,1013989,981512.896,8017.5007550695955,1398036,981591.1175088249,7663.839236913933,0.9988877056916848,1,0.9988877056916848,1013989,981599.9076,8011.4221232960435,3.2713045127453233,0.4269692427209961,
huff_enc,statemate,304818,286045.901,3101.100815753733,320984,285987.9059409406,3059.6596513783693,0.999011468456441,1,0.999011468456441,308486,285871.054,3052.448269710677,8.531302507934532,1.0674901985188874,
huff_enc,susan,11076543,11050202.229,7961.527600422628,16413297,11050982.200257998,21074.281895882392,0.9989576942848364,1,0.9989576942848364,11543027,11050862.8188,12908.919507623723,40.150186556957316,1.9501457077310809,
mpeg2,mpeg2,197804848,197656017.959,42224.69295500517,199392353,197655212.0275497,42892.66048522184,0.999044103558015,1,0.999044103558015,197814041,197656286.998,41353.885841730524,1.0,0.4444921331554003,
mpeg2,ndes,175698405,175085005.507,193727.3925768955,178629546,175090560.84906152,187896.23166437948,0.9989372663116229,1,0.9989372663116229,175736929,175086150.6356,193162.70790364034,3334.4776108500328,944.587596483966,
mpeg2,petrinet,176105543,175286963.02,218753.65056571612,179257751,175262814.82651174,215917.27868983813,0.995909534546133,1,0.995909534546133,176105832,175281414.2456,211587.46137384212,106903.71662763465,30571.56206088993,
mpeg2,rijndael_dec,175842321,175336863.378,186407.3032527188,180193673,175329947.8796112,204522.70707630235,0.9953310854665314,1,0.9953310854665314,176127643,175341255.0828,196225.129621778,146.42090018540023,41.895724675335785,
mpeg2,rijndael_enc,176268023,175424822.548,196224.70915372547,180499305,175390710.99451005,208218.23856395166,0.9956375757703823,1,0.9956375757703823,176339354,175421751.2704,200788.5404625456,152.68162484405016,43.923160628058376,
mpeg2,statemate,194116512,193353486.035,310570.1287000805,194618414,193345883.5806342,313188.44065357244,0.9989749225243881,1,0.9989749225243881,194321215,193336271.1132,307621.5350336523,4261.113354906964,1785.3492438857427,
mpeg2,susan,178825788,178185713.898,143956.6490270689,183143812,178154568.2789672,173786.39879029602,0.9969683739693547,1,0.9969683739693547,178859006,178211495.9248,144827.05640216538,12.439994211660288,3.80759974848156,
ndes,ndes,32070,30481.475,388.7238140101254,55919,30477.846951530486,466.48272635321854,0.9989659504825139,1,0.9989659504825139,32070,30480.1976,396.4449999803803,1.0,-0.21911904356083664,
ndes,petrinet,44454,23063.34,740.7195000658331,64937,23087.28437715623,679.4578310306125,0.9988355091651354,1,0.9988355091651354,44454,23085.7288,518.3852379770676,32.060109289617486,2.6424668227946917,
ndes,rijndael_dec,966646,916278.155,11093.357117983813,1478869,915042.003399966,10125.801606675317,0.9981010489791062,1,0.9981010489791062,966646,914789.2472,9718.811755830558,22.773235286956098,0.7638851688621588,
ndes,rijndael_enc,908602,879688.276,8386.287751447244,1395923,879402.5724342756,8286.041797962143,0.9987553132014059,1,0.9987553132014059,909575,879570.1128,8389.591341157495,21.839416591589764,0.30806691178260975,
ndes,statemate,49630,27069.112,1603.5217059077552,58490,27081.434415655844,1490.6633197409637,0.9989225975155729,1,0.9989225975155729,51697,27092.8096,1703.6611353944602,1.277895326404879,0.33069886116124214,
ndes,susan,12637538,12579693.38,12191.013572690727,18420109,12579769.298557015,27987.70784560827,0.9933190810615706,1,0.9933190810615706,12649041,12578561.1744,10518.895828087732,268.04494874479536,39.94991356010616,
petrinet,petrinet,20132,814.88,847.3627719384816,30173,776.249507504925,459.25383664742793,0.9990140470914762,1,0.9990140470914762,20132,799.9276,701.1815478058685,1.0,14.71584699453552,
petrinet,rijndael_dec,964905,915472.502,11964.940246365424,1476584,913774.7132528675,10887.339341867932,0.9973273205925126,1,0.9973273205925126,964905,913504.6176,10350.95943857814,730.1124121779859,23.131147540983605,
petrinet,rijndael_enc,903567,876190.117,8533.357213937059,1682048,876181.978100219,9208.22381773382,0.9989654452401446,1,0.9989654452401446,906939,876280.6192,8746.434608040721,700.1740827478533,7.818891491022638,
petrinet,statemate,31148,9063.855,1386.6476176702538,42153,8990.442155578445,1015.00839293894,0.9988756873474083,1,0.9988756873474083,31148,9014.7944,1088.1397878065866,25.088212334113972,-0.7728337236533958,
petrinet,susan,10929457,10912935.864,6524.206395922848,16362616,10913233.868311318,21527.25455760506,0.9947285485882932,1,0.9947285485882932,10998151,10913795.7252,9859.650462028474,8593.550351288057,-7.9523809523809526,
rijndael_dec,rijndael_dec,1551193,1512392.362,16603.46457130941,1577183,1513219.252107479,16987.236668434074,0.999006253207738,1,0.999006253207738,1554521,1512858.312,16864.60159248968,1.0,0.6621022288655517,
rijndael_dec,rijndael_enc,1519708,1481631.235,8604.381401534807,1560070,1481502.3928860712,8978.11081283078,0.9978789854630317,1,0.9978789854630317,1545673,1481348.2824,8565.08176914471,1.0427584084698462,0.680547828520397,
rijndael_dec,statemate,1123205,1090803.028,9596.290370976698,1514769,1089053.9575204249,10839.781260695967,0.9986611226704978,1,0.9986611226704978,1123907,1089329.618,10772.347622454245,29.101810940319872,5.869469164229261,
rijndael_dec,susan,11548737,11467715.257,18987.527392460306,16585062,11465475.787732122,26531.18239074527,0.9927901435119849,1,0.9927901435119849,12727771,11466446.6488,29968.80727628118,11.770174301862342,1.8384270278014785,
rijndael_enc,rijndael_enc,1460315,1438943.928,7456.344437536881,1470386,1438875.2068679314,7271.117608937104,0.9989763026986653,1,0.9989763026986653,1460315,1438955.662,7364.400015506447,1.0,0.6281386473532288,
rijndael_enc,statemate,1010331,996510.4,5555.886754572093,1400452,996394.3728162718,5783.3808665353035,0.9986703687472676,1,0.9986703687472676,1014852,996372.8052,5549.086880896501,27.90848839380173,3.6694567179040387,
rijndael_enc,susan,11513682,11430816.266,18660.301244561455,16508007,11428751.221677784,27516.518319036266,0.9911685657034602,1.125,0.9925838642620897,11515606,11429851.6484,17553.559019528726,12.27344822242266,0.5655647140278486,
statemate,statemate,15047,13856.976,264.47853659667794,45517,13849.332866671333,490.9416293294663,0.999002003394174,1,0.999002003394174,15047,13831.9756,270.28498995496955,1.0,-0.5318003609434314,
statemate,susan,10939064,10912487.662,7774.943836930491,16976329,10913945.636313638,26231.095062548207,0.9938127415424869,1,0.9938127415424869,12006892,10913702.1928,23917.227201748035,342.5333872674093,31.0708195905159,
susan,susan,19318344,19281908.397,31287.295581724688,19809265,19279725.729472704,32779.52466500246,0.998926688847474,1,0.998926688847474,19318344,19282975.0644,30394.714403963924,1.0,0.7548828896787144,
